Step,Status,Severity,Notes
Git Validation,PASS,Low,Working tree clean - 1 commit on main
Dependency Install (PHP),PASS,Low,vendor/ exists with 55 packages
Dependency Install (JS),PASS,Low,node_modules/ exists
Environment Setup,PASS,Low,.env exists - APP_KEY set - DB_CONNECTION=mysql
Database Sync (MySQL Start),PASS,Medium,MySQL started manually on port 3306
Database Sync (Migration),PASS,Low,Nothing to migrate - all up-to-date
Clear Cache,PASS,Low,All caches cleared successfully
Run Application,PASS,Low,http://127.0.0.1:8000 accessible - status 200
Run Testing (Pest),PASS,Low,318 tests passed - 640 assertions - 18.34s
Frontend Build (Vite),PASS,Low,Build success - app.css 26KB - app.js 46KB
Smoke Test (Login),PASS,Low,Admin login successful
Smoke Test (Dashboard),PASS,Low,Dashboard admin accessible with stat cards
Smoke Test (Absensi),PASS,Low,Halaman absensi accessible
Smoke Test (Karyawan),PASS,Low,Halaman karyawan accessible
